"threshold","total_points","anomalies","anomaly_rate"
0.319993593050226,52636,1037,0.0197013450870127
